label,method,eta0,trees,eta,control_logloss,test_logloss,test_accuracy,training_wall_seconds
prior_draw_00,q_controller,0.059326648702881,50,0.06701658276322642,0.550818681716919,0.5528002977371216,0.7761066666666666,1.6587935829884373
prior_draw_00,q_controller,0.059326648702881,100,0.09643845341475792,0.475004106760025,0.47828400135040283,0.7952533333333334,3.604422791991965
prior_draw_00,q_controller,0.059326648702881,150,0.08984133276917136,0.4403221309185028,0.4435367286205292,0.81048,5.853682457993273
prior_draw_00,q_controller,0.059326648702881,200,0.16834392806252674,0.3954908847808838,0.39841631054878235,0.83264,8.493692624993855
prior_draw_00,q_controller,0.059326648702881,250,0.1910964924507536,0.3620057702064514,0.3647991120815277,0.8498133333333333,11.576276457999484
prior_draw_00,q_controller,0.059326648702881,300,0.49097689459154675,0.28867432475090027,0.29116061329841614,0.8856266666666667,15.044427291999455
prior_draw_00,q_controller,0.059326648702881,350,0.8,0.2227247953414917,0.2238854467868805,0.9143733333333334,19.028268082998693
prior_draw_00,q_controller,0.059326648702881,400,0.8,0.1912020593881607,0.19284754991531372,0.92664,23.39775983299478
prior_draw_00,q_controller,0.059326648702881,450,0.8,0.17555862665176392,0.17727361619472504,0.9320266666666667,28.07760595799482
prior_draw_00,q_controller,0.059326648702881,500,0.8,0.16572219133377075,0.16797631978988647,0.93632,33.041814541997155
prior_draw_00,q_controller,0.059326648702881,550,0.8,0.15904326736927032,0.16112463176250458,0.9401066666666666,38.544302166992566
prior_draw_00,q_controller,0.059326648702881,600,0.8,0.1563282310962677,0.15795278549194336,0.9411733333333333,44.3221819169994
prior_draw_00,q_controller,0.059326648702881,650,0.8,0.15362340211868286,0.1554814875125885,0.9428266666666667,50.430573291989276
prior_draw_00,q_controller,0.059326648702881,700,0.8,0.15105220675468445,0.15362071990966797,0.9441333333333334,56.975966999991215
prior_draw_00,q_controller,0.059326648702881,750,0.8,0.15015530586242676,0.1532568782567978,0.94432,63.759197207997204
prior_draw_01,q_controller,0.1354992406859543,50,0.19350491352150442,0.46404579281806946,0.4665287435054779,0.8026933333333334,1.5480055829975754
prior_draw_01,q_controller,0.1354992406859543,100,0.20543670244040865,0.3903416693210602,0.39342665672302246,0.8358666666666666,3.4402103329921374
prior_draw_01,q_controller,0.1354992406859543,150,0.2879548017588648,0.3295687437057495,0.3322256803512573,0.8661066666666667,5.724397792000673
prior_draw_01,q_controller,0.1354992406859543,200,0.1996645718818791,0.29256048798561096,0.2943550646305084,0.88296,8.337094874994364
prior_draw_01,q_controller,0.1354992406859543,250,0.24808612718070974,0.26581040024757385,0.2678455114364624,0.89632,11.382782832995872
prior_draw_01,q_controller,0.1354992406859543,300,0.6904974258059898,0.22578617930412292,0.22783556580543518,0.9128266666666667,14.885322375004762
prior_draw_01,q_controller,0.1354992406859543,350,0.7238699344287677,0.1903657615184784,0.19347251951694489,0.9261333333333334,18.731210666999687
prior_draw_01,q_controller,0.1354992406859543,400,0.8,0.17484256625175476,0.1778920292854309,0.93256,22.930799750000006
prior_draw_01,q_controller,0.1354992406859543,450,0.8,0.16440321505069733,0.1693158596754074,0.9366666666666666,27.532612875002087
prior_draw_01,q_controller,0.1354992406859543,500,0.8,0.1577969342470169,0.1632794588804245,0.9393866666666667,32.64731504199153
prior_draw_01,q_controller,0.1354992406859543,550,0.8,0.15441164374351501,0.16006948053836823,0.9406133333333333,38.198272458001156
prior_draw_01,q_controller,0.1354992406859543,600,0.8,0.15216290950775146,0.1578892171382904,0.9424533333333334,44.1262673750025
prior_draw_01,q_controller,0.1354992406859543,650,0.8,0.150300994515419,0.15703530609607697,0.9427466666666666,50.49774333299138
prior_draw_01,q_controller,0.1354992406859543,700,0.8,0.14927850663661957,0.15546314418315887,0.94432,57.29826520799543
prior_draw_01,q_controller,0.1354992406859543,750,0.8,0.14799317717552185,0.15503403544425964,0.94456,64.43773624999449
prior_draw_02,q_controller,0.3669775250159692,50,0.6718693063699486,0.32377877831459045,0.3243730068206787,0.8681866666666667,1.6139806249993853
prior_draw_02,q_controller,0.3669775250159692,100,0.504662442937624,0.24610432982444763,0.24846942722797394,0.9036,3.578940542007331
prior_draw_02,q_controller,0.3669775250159692,150,0.4737137797189382,0.21841561794281006,0.22098349034786224,0.91648,5.893164959008573
prior_draw_02,q_controller,0.3669775250159692,200,0.5357796625419003,0.1976783573627472,0.2006392925977707,0.92584,8.580439625002327
prior_draw_02,q_controller,0.3669775250159692,250,0.49096489621707334,0.1859370917081833,0.18931536376476288,0.9298666666666666,11.642897958998219
prior_draw_02,q_controller,0.3669775250159692,300,0.6549846024623855,0.17538315057754517,0.17872901260852814,0.9339733333333333,15.126212709001265
prior_draw_02,q_controller,0.3669775250159692,350,0.79982896066665,0.16611994802951813,0.16961504518985748,0.938,18.97400075000769
prior_draw_02,q_controller,0.3669775250159692,400,0.6549805589860737,0.15981827676296234,0.16408061981201172,0.93976,23.47447875000944
prior_draw_02,q_controller,0.3669775250159692,450,0.32554175024674786,0.15751758217811584,0.16163742542266846,0.9410933333333333,28.178023875007057
prior_draw_02,q_controller,0.3669775250159692,500,0.43985625318634175,0.15612781047821045,0.1601349264383316,0.94304,33.110240709007485
prior_draw_02,q_controller,0.3669775250159692,550,0.8,0.15421941876411438,0.15826742351055145,0.9434666666666667,38.40835516700463
prior_draw_02,q_controller,0.3669775250159692,600,0.43890575689282935,0.15228699147701263,0.15629997849464417,0.9446133333333333,44.25023133400828
prior_draw_02,q_controller,0.3669775250159692,650,0.16151571200574336,0.15194207429885864,0.1560494303703308,0.9449866666666666,50.39289941699826
prior_draw_02,q_controller,0.3669775250159692,700,0.1322641893961378,0.15175491571426392,0.15589047968387604,0.94504,56.73843850000412
prior_draw_02,q_controller,0.3669775250159692,750,0.29446102371360156,0.15148836374282837,0.15547971427440643,0.9452533333333333,63.444543208999676
prior_draw_03,q_controller,0.6166301227584332,50,0.7238699344287677,0.31881994009017944,0.3186243176460266,0.87472,1.6115347919985652
prior_draw_03,q_controller,0.6166301227584332,100,0.6844446033896479,0.2532348036766052,0.25236454606056213,0.906,3.5977342920086812
prior_draw_03,q_controller,0.6166301227584332,150,0.6549846024623855,0.22486650943756104,0.22370365262031555,0.91888,5.895954834006261
prior_draw_03,q_controller,0.6166301227584332,200,0.8,0.20450125634670258,0.20357783138751984,0.92752,8.572428250001394
prior_draw_03,q_controller,0.6166301227584332,250,0.8,0.19159577786922455,0.18991434574127197,0.9329866666666666,11.735306750008021
prior_draw_03,q_controller,0.6166301227584332,300,0.7234988627335087,0.18423344194889069,0.1825132817029953,0.9354933333333333,15.265196834006929
prior_draw_03,q_controller,0.6166301227584332,350,0.7251102846948513,0.1792774796485901,0.17841140925884247,0.9385866666666667,19.264318292000098
prior_draw_03,q_controller,0.6166301227584332,400,0.6565129266689589,0.17547449469566345,0.17506937682628632,0.94072,23.66103762500279
prior_draw_03,q_controller,0.6166301227584332,450,0.723836783731658,0.17396602034568787,0.1732780486345291,0.9416266666666666,28.402534667009604
prior_draw_03,q_controller,0.6166301227584332,500,0.5913978836769532,0.1727391928434372,0.17132028937339783,0.9425866666666667,33.43762450000213
prior_draw_03,q_controller,0.6166301227584332,550,0.48363056541897,0.17084942758083344,0.16945526003837585,0.9436266666666666,38.86392025000532
prior_draw_03,q_controller,0.6166301227584332,600,0.43727217445204597,0.1706518679857254,0.16903705894947052,0.94408,44.62069229199551
prior_draw_03,q_controller,0.6166301227584332,650,0.8,0.16972419619560242,0.16821929812431335,0.9448,50.795710999998846
prior_draw_03,q_controller,0.6166301227584332,700,0.48448727194108826,0.1691751331090927,0.16822969913482666,0.94496,57.17653558400343
prior_draw_03,q_controller,0.6166301227584332,750,0.26553772002756854,0.16923213005065918,0.1680847406387329,0.9453066666666666,63.88261854200391
prior_draw_04,q_controller,0.2408243494341458,50,0.380857282416284,0.3958321809768677,0.3972052037715912,0.8329866666666667,1.5735511250095442
prior_draw_04,q_controller,0.2408243494341458,100,0.561188987703401,0.29296159744262695,0.2931857705116272,0.8819733333333334,3.5540590839955257
prior_draw_04,q_controller,0.2408243494341458,150,0.4803365551147899,0.24769166111946106,0.24762718379497528,0.9054133333333333,5.847897334009758
prior_draw_04,q_controller,0.2408243494341458,200,0.4921071981431373,0.22091145813465118,0.22176708281040192,0.91648,8.492847208995954
prior_draw_04,q_controller,0.2408243494341458,250,0.6750933375397516,0.19749030470848083,0.19804856181144714,0.9268,11.645178584003588
prior_draw_04,q_controller,0.2408243494341458,300,0.8,0.17784681916236877,0.17903035879135132,0.9342666666666667,15.124741916995845
prior_draw_04,q_controller,0.2408243494341458,350,0.8,0.16688606142997742,0.16876964271068573,0.9378933333333334,19.026965833996655
prior_draw_04,q_controller,0.2408243494341458,400,0.8,0.16149602830410004,0.162898987531662,0.9400533333333333,23.292133750001085
prior_draw_04,q_controller,0.2408243494341458,450,0.8,0.15761728584766388,0.15879037976264954,0.9416533333333333,28.054855666996446
prior_draw_04,q_controller,0.2408243494341458,500,0.8,0.15522891283035278,0.156210258603096,0.9440266666666667,33.0824459590076
prior_draw_04,q_controller,0.2408243494341458,550,0.8,0.15329879522323608,0.15524804592132568,0.9451733333333333,38.380490625000675
prior_draw_04,q_controller,0.2408243494341458,600,0.6548514043150259,0.15266461670398712,0.15375076234340668,0.946,44.091764042008435
prior_draw_04,q_controller,0.2408243494341458,650,0.8,0.15215101838111877,0.1541721671819687,0.94584,50.253680499998154
prior_draw_04,q_controller,0.2408243494341458,700,0.8,0.1522766649723053,0.15478724241256714,0.94608,56.90489420900121
prior_draw_04,q_controller,0.2408243494341458,750,0.8,0.15232223272323608,0.15486356616020203,0.94704,63.87873695899907
prior_draw_05,q_controller,0.2126839594718725,50,0.41121144353957134,0.38883769512176514,0.3916464149951935,0.8378133333333333,1.5731914579955628
prior_draw_05,q_controller,0.2126839594718725,100,0.32824958849069985,0.3164876401424408,0.32004401087760925,0.8718933333333333,3.5065614999912214
prior_draw_05,q_controller,0.2126839594718725,150,0.4641853958642457,0.2559201717376709,0.2593923509120941,0.90152,5.853425875000539
prior_draw_05,q_controller,0.2126839594718725,200,0.4774853578756641,0.2160259634256363,0.21917474269866943,0.91744,8.541299749995233
prior_draw_05,q_controller,0.2126839594718725,250,0.590868197966503,0.19902512431144714,0.20232632756233215,0.9247733333333333,11.661086708001676
prior_draw_05,q_controller,0.2126839594718725,300,0.8,0.17816446721553802,0.1829981505870819,0.93176,15.211585707991617
prior_draw_05,q_controller,0.2126839594718725,350,0.8,0.16583220660686493,0.17089660465717316,0.93624,19.119314708004822
prior_draw_05,q_controller,0.2126839594718725,400,0.8,0.15980076789855957,0.16438916325569153,0.9401333333333334,23.425628124998184
prior_draw_05,q_controller,0.2126839594718725,450,0.8,0.1547718048095703,0.15989182889461517,0.9419733333333333,28.19169762499223
prior_draw_05,q_controller,0.2126839594718725,500,0.8,0.15194673836231232,0.15672773122787476,0.9441066666666666,33.15502566599753
prior_draw_05,q_controller,0.2126839594718725,550,0.8,0.1508840173482895,0.15510320663452148,0.94472,38.617771833000006
prior_draw_05,q_controller,0.2126839594718725,600,0.8,0.1498747169971466,0.15483513474464417,0.94536,44.39370279099967
prior_draw_05,q_controller,0.2126839594718725,650,0.8,0.1498490273952484,0.15343232452869415,0.9461066666666667,50.40341733300011
prior_draw_05,q_controller,0.2126839594718725,700,0.8,0.14968353509902954,0.15469346940517426,0.9463733333333333,57.04546841599222
prior_draw_05,q_controller,0.2126839594718725,750,0.8,0.15007182955741882,0.15538379549980164,0.9467733333333334,64.2887238330004
prior_draw_06,q_controller,0.2681856460892622,50,0.38544200754284863,0.3928728699684143,0.395953893661499,0.8352,1.5612235839944333
prior_draw_06,q_controller,0.2681856460892622,100,0.3470855235335246,0.3064930737018585,0.307304322719574,0.8767733333333333,3.5082810419989983
prior_draw_06,q_controller,0.2681856460892622,150,0.538822348300552,0.25735774636268616,0.25931406021118164,0.8998666666666667,5.8323533340008
prior_draw_06,q_controller,0.2681856460892622,200,0.3050935822626593,0.23094171285629272,0.233805313706398,0.91088,8.482500166996033
prior_draw_06,q_controller,0.2681856460892622,250,0.6912948585418522,0.20866546034812927,0.211552694439888,0.9198933333333333,11.664823416998843
prior_draw_06,q_controller,0.2681856460892622,300,0.8,0.182895228266716,0.18676507472991943,0.9304533333333334,15.163243124989094
prior_draw_06,q_controller,0.2681856460892622,350,0.8,0.17047469317913055,0.17349907755851746,0.9351733333333333,19.101738333993126
prior_draw_06,q_controller,0.2681856460892622,400,0.8,0.1635333001613617,0.1668117344379425,0.9392,23.343833708990132
prior_draw_06,q_controller,0.2681856460892622,450,0.8,0.15766789019107819,0.16144293546676636,0.9418666666666666,28.2024965419987
prior_draw_06,q_controller,0.2681856460892622,500,0.8,0.15525464713573456,0.1596391350030899,0.9423466666666667,33.33235849998891
prior_draw_06,q_controller,0.2681856460892622,550,0.8,0.15229417383670807,0.15764369070529938,0.9440533333333333,38.79205941699911
prior_draw_06,q_controller,0.2681856460892622,600,0.7238699344287677,0.15112046897411346,0.1564612239599228,0.9446133333333333,44.53125770899351
prior_draw_06,q_controller,0.2681856460892622,650,0.8,0.15024802088737488,0.15554910898208618,0.9449066666666667,50.67113520899147
prior_draw_06,q_controller,0.2681856460892622,700,0.8,0.14969107508659363,0.15521669387817383,0.9455466666666666,57.32396820899157
prior_draw_06,q_controller,0.2681856460892622,750,0.8,0.14995545148849487,0.15540288388729095,0.9466133333333333,64.37541391699051
prior_draw_07,q_controller,0.0896021024048805,50,0.16161147620734442,0.4823387563228607,0.4852500557899475,0.7947733333333333,1.553980958997272
prior_draw_07,q_controller,0.0896021024048805,100,0.2313079363709669,0.40146222710609436,0.4047333896160126,0.8292266666666667,3.440844917000504
prior_draw_07,q_controller,0.0896021024048805,150,0.17734174596491195,0.35705745220184326,0.36038467288017273,0.8515733333333333,5.709046625008341
prior_draw_07,q_controller,0.0896021024048805,200,0.134161614867365,0.3290973901748657,0.3318573534488678,0.8654933333333333,8.330689709007856
prior_draw_07,q_controller,0.0896021024048805,250,0.24850752063895817,0.30004775524139404,0.3024393320083618,0.8792,11.477114124994841
prior_draw_07,q_controller,0.0896021024048805,300,0.4639910650536286,0.2608315646648407,0.26304370164871216,0.8986933333333333,15.021992791997036
prior_draw_07,q_controller,0.0896021024048805,350,0.8,0.21378089487552643,0.2148047238588333,0.91816,18.96477758399851
prior_draw_07,q_controller,0.0896021024048805,400,0.8,0.18923403322696686,0.18952371180057526,0.9275733333333334,23.198105625007884
prior_draw_07,q_controller,0.0896021024048805,450,0.8,0.17415744066238403,0.17573146522045135,0.93288,27.928493458995945
prior_draw_07,q_controller,0.0896021024048805,500,0.8,0.16534164547920227,0.16533470153808594,0.9376533333333333,33.0055737090006
prior_draw_07,q_controller,0.0896021024048805,550,0.8,0.15916739404201508,0.15936245024204254,0.9412533333333334,38.57859433400154
prior_draw_07,q_controller,0.0896021024048805,600,0.8,0.1557941436767578,0.15698765218257904,0.9428533333333333,44.36623591699754
prior_draw_07,q_controller,0.0896021024048805,650,0.8,0.15393219888210297,0.15517482161521912,0.9432533333333334,50.46271500000148
prior_draw_07,q_controller,0.0896021024048805,700,0.8,0.15260225534439087,0.1544695645570755,0.9440533333333333,56.89423537500261
prior_draw_07,q_controller,0.0896021024048805,750,0.8,0.1517425775527954,0.15359534323215485,0.9453866666666667,63.64837283399538
prior_draw_08,q_controller,0.0651635368947266,50,0.07325628642314726,0.5278259515762329,0.5302830338478088,0.78032,1.5928360419929959
prior_draw_08,q_controller,0.0651635368947266,100,0.06957561984034924,0.47281041741371155,0.47601911425590515,0.7974666666666667,3.478997083991999
prior_draw_08,q_controller,0.0651635368947266,150,0.05799741586725645,0.45091113448143005,0.4541063606739044,0.8054933333333333,5.656015999993542
prior_draw_08,q_controller,0.0651635368947266,200,0.04811542436543815,0.43216055631637573,0.43554362654685974,0.8129866666666666,8.257165417002398
prior_draw_08,q_controller,0.0651635368947266,250,0.07269674887523354,0.4142639636993408,0.4177144765853882,0.82192,11.220646916990518
prior_draw_08,q_controller,0.0651635368947266,300,0.14958712233834506,0.38087719678878784,0.3837219774723053,0.8407466666666666,14.562482875000569
prior_draw_08,q_controller,0.0651635368947266,350,0.4240853539226514,0.31149303913116455,0.31409817934036255,0.8734666666666666,18.267246083996724
prior_draw_08,q_controller,0.0651635368947266,400,0.8,0.23282364010810852,0.23570656776428223,0.9088266666666667,22.364178167001228
prior_draw_08,q_controller,0.0651635368947266,450,0.8,0.19920974969863892,0.2029808759689331,0.92336,26.82002654200187
prior_draw_08,q_controller,0.0651635368947266,500,0.8,0.17763036489486694,0.1819496601819992,0.9318666666666666,31.792644916989957
prior_draw_08,q_controller,0.0651635368947266,550,0.8,0.1673928201198578,0.1723635345697403,0.9362133333333333,37.07893012500426
prior_draw_08,q_controller,0.0651635368947266,600,0.39805050417521454,0.161081001162529,0.166281595826149,0.9387466666666666,42.95130737499858
prior_draw_08,q_controller,0.0651635368947266,650,0.44041220988977764,0.1584731787443161,0.16330812871456146,0.9399466666666667,49.15455849999853
prior_draw_08,q_controller,0.0651635368947266,700,0.39879494608437477,0.1564037948846817,0.16124236583709717,0.94064,55.69473983399803
prior_draw_08,q_controller,0.0651635368947266,750,0.29572096973242284,0.15420179069042206,0.15940915048122406,0.94128,62.815189208995434
prior_draw_09,q_controller,0.0784268575411474,50,0.12950002894574686,0.4893028140068054,0.4921741783618927,0.79064,1.5727058750053402
prior_draw_09,q_controller,0.0784268575411474,100,0.08175712020693571,0.4443392753601074,0.4469774067401886,0.8083466666666667,3.4201767920021666
prior_draw_09,q_controller,0.0784268575411474,150,0.05036603162821605,0.4242215156555176,0.42686790227890015,0.8171733333333333,5.632605750011862
prior_draw_09,q_controller,0.0784268575411474,200,0.06229496311282855,0.4068090617656708,0.40937232971191406,0.8258933333333334,8.163888334005605
prior_draw_09,q_controller,0.0784268575411474,250,0.1730448044911217,0.368640661239624,0.3709440529346466,0.8458933333333334,11.197659209006815
prior_draw_09,q_controller,0.0784268575411474,300,0.49087415577613297,0.2957872450351715,0.2970038056373596,0.88288,14.692318084009457
prior_draw_09,q_controller,0.0784268575411474,350,0.8,0.22438202798366547,0.2265656292438507,0.9132533333333334,18.647199459010153
prior_draw_09,q_controller,0.0784268575411474,400,0.7238699344287677,0.1916673481464386,0.19422557950019836,0.92624,22.80070008400071
prior_draw_09,q_controller,0.0784268575411474,450,0.8,0.17449188232421875,0.17728565633296967,0.9344,27.412057917012135
prior_draw_09,q_controller,0.0784268575411474,500,0.7999984685162153,0.16490209102630615,0.16750480234622955,0.9370133333333334,32.51284250000026
prior_draw_09,q_controller,0.0784268575411474,550,0.8,0.1582716703414917,0.16168124973773956,0.93984,38.04619616700802
prior_draw_09,q_controller,0.0784268575411474,600,0.3975094095924541,0.15547293424606323,0.1591389775276184,0.9416533333333333,43.821786542001064
prior_draw_09,q_controller,0.0784268575411474,650,0.3978361351519561,0.15312837064266205,0.1568731963634491,0.94224,50.34607450000476
prior_draw_09,q_controller,0.0784268575411474,700,0.8,0.1516353338956833,0.1557430475950241,0.9429066666666667,57.14272141701076
prior_draw_09,q_controller,0.0784268575411474,750,0.8,0.15002356469631195,0.1536998301744461,0.9445333333333333,64.23378566700558
prior_draw_10,q_controller,0.3366699959071564,50,0.4432663545062183,0.37262725830078125,0.37634891271591187,0.84272,1.6059449580061482
prior_draw_10,q_controller,0.3366699959071564,100,0.2678490517295261,0.30610308051109314,0.3082466721534729,0.8774133333333334,3.6307929580070777
prior_draw_10,q_controller,0.3366699959071564,150,0.5700130907470096,0.2534458637237549,0.2555695176124573,0.9007733333333333,6.037944665993564
prior_draw_10,q_controller,0.3366699959071564,200,0.39702742323167267,0.22235985100269318,0.2243666648864746,0.9145866666666667,8.86269845800416
prior_draw_10,q_controller,0.3366699959071564,250,0.8,0.19664911925792694,0.1993260681629181,0.9254666666666667,12.223394582993933
prior_draw_10,q_controller,0.3366699959071564,300,0.8,0.17788179218769073,0.1808405965566635,0.93272,15.997497250005836
prior_draw_10,q_controller,0.3366699959071564,350,0.8,0.16739562153816223,0.16989101469516754,0.93776,20.21327566599939
prior_draw_10,q_controller,0.3366699959071564,400,0.8,0.160984605550766,0.16446170210838318,0.9399466666666667,24.77441166600329
prior_draw_10,q_controller,0.3366699959071564,450,0.8,0.1555410623550415,0.1594899743795395,0.9418933333333334,29.79480366599455
prior_draw_10,q_controller,0.3366699959071564,500,0.7994858226456119,0.15357978641986847,0.15743552148342133,0.94288,35.19752212500316
prior_draw_10,q_controller,0.3366699959071564,550,0.8,0.1516539603471756,0.15599757432937622,0.94432,41.23272833299416
prior_draw_10,q_controller,0.3366699959071564,600,0.8,0.15029707551002502,0.15550385415554047,0.94528,47.24604025000008
prior_draw_10,q_controller,0.3366699959071564,650,0.8,0.15011851489543915,0.15457254648208618,0.9463466666666667,53.3170549159986
prior_draw_10,q_controller,0.3366699959071564,700,0.8,0.15016429126262665,0.15481729805469513,0.94648,59.829513916003634
prior_draw_10,q_controller,0.3366699959071564,750,0.8,0.15047676861286163,0.1547471135854721,0.94664,66.6723426660028
prior_draw_11,q_controller,0.1439961245546504,50,0.2787862860952612,0.4282900393009186,0.43063032627105713,0.81736,1.5525542499963194
prior_draw_11,q_controller,0.1439961245546504,100,0.3608465073649133,0.34763389825820923,0.3486883044242859,0.85952,3.5430577090010047
prior_draw_11,q_controller,0.1439961245546504,150,0.22698319030843525,0.30230486392974854,0.30369699001312256,0.87888,5.8455040419939905
prior_draw_11,q_controller,0.1439961245546504,200,0.25666606705093403,0.26988181471824646,0.27165353298187256,0.8932533333333333,8.494698791997507
prior_draw_11,q_controller,0.1439961245546504,250,0.5279083453608379,0.2366541475057602,0.23918947577476501,0.9073866666666667,11.625904999993509
prior_draw_11,q_controller,0.1439961245546504,300,0.8,0.2021562159061432,0.20578129589557648,0.9216,15.113429459001054
prior_draw_11,q_controller,0.1439961245546504,350,0.8,0.18231330811977386,0.18481966853141785,0.9308533333333333,19.018439916995703
prior_draw_11,q_controller,0.1439961245546504,400,0.8,0.16790714859962463,0.17139704525470734,0.93584,23.364950709001278
prior_draw_11,q_controller,0.1439961245546504,450,0.8,0.15953296422958374,0.16301599144935608,0.9401066666666666,28.056607334001455
prior_draw_11,q_controller,0.1439961245546504,500,0.8,0.15467490255832672,0.15901392698287964,0.9422133333333333,33.18889170899638
prior_draw_11,q_controller,0.1439961245546504,550,0.8,0.1514095515012741,0.15598833560943604,0.94432,38.6734944589989
prior_draw_11,q_controller,0.1439961245546504,600,0.8,0.1494312286376953,0.15405669808387756,0.94496,44.605899874994066
prior_draw_11,q_controller,0.1439961245546504,650,0.8,0.14920353889465332,0.15318384766578674,0.9459733333333333,50.897721999994246
prior_draw_11,q_controller,0.1439961245546504,700,0.8,0.14880527555942535,0.15359719097614288,0.9456266666666666,57.50545104200137
prior_draw_11,q_controller,0.1439961245546504,750,0.8,0.14923466742038727,0.15340085327625275,0.946,64.39514916700136
prior_draw_12,q_controller,0.7580901256191636,50,0.7078360879163655,0.3720225691795349,0.3730769157409668,0.8601333333333333,1.608915208009421
prior_draw_12,q_controller,0.7580901256191636,100,0.7536047177672456,0.2962121367454529,0.3018021285533905,0.8904533333333333,3.545428292010911
prior_draw_12,q_controller,0.7580901256191636,150,0.8,0.2500106692314148,0.25760820508003235,0.9108266666666667,5.799767542004702
prior_draw_12,q_controller,0.7580901256191636,200,0.487633027027245,0.2301190346479416,0.23835955560207367,0.9187466666666667,8.401456083010999
prior_draw_12,q_controller,0.7580901256191636,250,0.8,0.211707204580307,0.22034414112567902,0.92648,11.47055187499791
prior_draw_12,q_controller,0.7580901256191636,300,0.8,0.19913212954998016,0.20722399652004242,0.93192,14.916113583007245
prior_draw_12,q_controller,0.7580901256191636,350,0.6549846024623855,0.1921461820602417,0.19975721836090088,0.93408,18.776768417010317
prior_draw_12,q_controller,0.7580901256191636,400,0.8,0.18731063604354858,0.19503648579120636,0.93696,23.112663375010015
prior_draw_12,q_controller,0.7580901256191636,450,0.8,0.18381869792938232,0.19250108301639557,0.9382666666666667,27.74309475001064
prior_draw_12,q_controller,0.7580901256191636,500,0.7238311353358758,0.1812901794910431,0.18970894813537598,0.94016,32.7300957920088
prior_draw_12,q_controller,0.7580901256191636,550,0.8,0.17952083051204681,0.18861182034015656,0.9412266666666667,38.140799041997525
prior_draw_12,q_controller,0.7580901256191636,600,0.8,0.17846107482910156,0.18741080164909363,0.9423733333333333,43.85876587500388
prior_draw_12,q_controller,0.7580901256191636,650,0.8,0.17817935347557068,0.1867520809173584,0.942,49.93486154200218
prior_draw_12,q_controller,0.7580901256191636,700,0.8,0.17817921936511993,0.1864604949951172,0.9437333333333333,56.43556562499725
prior_draw_12,q_controller,0.7580901256191636,750,0.6548280308776743,0.17769218981266022,0.1861102432012558,0.9443466666666667,63.184156792005524
prior_draw_13,q_controller,0.2897254314148548,50,0.307755815794019,0.40859636664390564,0.4117719233036041,0.8261866666666666,1.5951872919977177
prior_draw_13,q_controller,0.2897254314148548,100,0.2755938979104693,0.33137521147727966,0.3334898352622986,0.8660266666666666,3.5552117499901215
prior_draw_13,q_controller,0.2897254314148548,150,0.28771047602225325,0.2917988896369934,0.29363158345222473,0.88432,5.832787999999709
prior_draw_13,q_controller,0.2897254314148548,200,0.4476587019740729,0.2521267235279083,0.2547209858894348,0.9029333333333334,8.513783791990136
prior_draw_13,q_controller,0.2897254314148548,250,0.8,0.21254144608974457,0.21577903628349304,0.9192533333333334,11.635290416990756
prior_draw_13,q_controller,0.2897254314148548,300,0.8,0.18847458064556122,0.19077351689338684,0.9288266666666667,15.122828583000228
prior_draw_13,q_controller,0.2897254314148548,350,0.8,0.17400787770748138,0.17628386616706848,0.93568,18.996393333000015
prior_draw_13,q_controller,0.2897254314148548,400,0.8,0.16573916375637054,0.16699442267417908,0.9382133333333333,23.243004916992504
prior_draw_13,q_controller,0.2897254314148548,450,0.8,0.16071836650371552,0.1626138538122177,0.9415466666666666,27.940051750003477
prior_draw_13,q_controller,0.2897254314148548,500,0.8,0.15644368529319763,0.15906769037246704,0.9428,33.06461879199196
prior_draw_13,q_controller,0.2897254314148548,550,0.8,0.15416371822357178,0.15677262842655182,0.94392,38.49610229200334
prior_draw_13,q_controller,0.2897254314148548,600,0.8,0.15338385105133057,0.15558087825775146,0.94472,44.32992283299973
prior_draw_13,q_controller,0.2897254314148548,650,0.8,0.15262828767299652,0.15517812967300415,0.9464266666666666,50.4426014579949
prior_draw_13,q_controller,0.2897254314148548,700,0.7996546974154742,0.15212944149971008,0.15561309456825256,0.9466666666666667,56.948570624997956
prior_draw_13,q_controller,0.2897254314148548,750,0.8,0.15240705013275146,0.15578942000865936,0.9465866666666667,63.70935916699818
prior_draw_14,q_controller,0.2536583778209944,50,0.3629544556531637,0.3957419693470001,0.3983614444732666,0.8332,1.5903248340036953
prior_draw_14,q_controller,0.2536583778209944,100,0.21447350253924435,0.33313772082328796,0.33551204204559326,0.8621333333333333,3.5175560420029797
prior_draw_14,q_controller,0.2536583778209944,150,0.24472670001802385,0.2991747558116913,0.30075734853744507,0.8788266666666666,5.82557662500767
prior_draw_14,q_controller,0.2536583778209944,200,0.1860574184983981,0.2754935026168823,0.2773272693157196,0.8905333333333333,8.461030792008387
prior_draw_14,q_controller,0.2536583778209944,250,0.23190959258414715,0.256213903427124,0.2583549916744232,0.89928,11.519951917012804
prior_draw_14,q_controller,0.2536583778209944,300,0.5850144933899138,0.2236587256193161,0.22579291462898254,0.9151733333333333,15.046659917003126
prior_draw_14,q_controller,0.2536583778209944,350,0.8,0.1918221414089203,0.19353576004505157,0.9266666666666666,18.93026670900872
prior_draw_14,q_controller,0.2536583778209944,400,0.8,0.1739324927330017,0.176700621843338,0.9342666666666667,23.119649667001795
prior_draw_14,q_controller,0.2536583778209944,450,0.8,0.16474975645542145,0.16807778179645538,0.9377333333333333,27.783290750012384
prior_draw_14,q_controller,0.2536583778209944,500,0.8,0.1588570773601532,0.16374477744102478,0.9397066666666667,32.88629675000266
prior_draw_14,q_controller,0.2536583778209944,550,0.8,0.15569859743118286,0.1600675880908966,0.94168,38.42510675000085
prior_draw_14,q_controller,0.2536583778209944,600,0.8,0.1537715047597885,0.15800371766090393,0.9432,44.422215959013556
prior_draw_14,q_controller,0.2536583778209944,650,0.8,0.15246137976646423,0.15698125958442688,0.94392,50.794985292013735
prior_draw_14,q_controller,0.2536583778209944,700,0.8,0.1516791582107544,0.15675042569637299,0.9441866666666666,57.5269746670092
prior_draw_14,q_controller,0.2536583778209944,750,0.8,0.1507258266210556,0.15594322979450226,0.9450933333333333,64.6499601250107
prior_draw_15,q_controller,0.2028722393431973,50,0.3885666579563111,0.4146275520324707,0.41811761260032654,0.82272,1.5829408330027945
prior_draw_15,q_controller,0.2028722393431973,100,0.42473396754494513,0.304495632648468,0.3066948354244232,0.8763466666666667,3.5547250410018023
prior_draw_15,q_controller,0.2028722393431973,150,0.36105664834141277,0.2596120238304138,0.2619689702987671,0.89792,5.842159749998245
prior_draw_15,q_controller,0.2028722393431973,200,0.3678325827519765,0.23497356474399567,0.23726291954517365,0.9092266666666666,8.502008041003137
prior_draw_15,q_controller,0.2028722393431973,250,0.8,0.20549190044403076,0.2079164981842041,0.9215733333333334,11.631442583005992
prior_draw_15,q_controller,0.2028722393431973,300,0.8,0.18110640347003937,0.18318277597427368,0.93144,15.134646500009694
prior_draw_15,q_controller,0.2028722393431973,350,0.8,0.16875049471855164,0.17151908576488495,0.9356,19.064611499998136
prior_draw_15,q_controller,0.2028722393431973,400,0.8,0.1602083444595337,0.16316670179367065,0.9392266666666667,23.30516891600564
prior_draw_15,q_controller,0.2028722393431973,450,0.8,0.1557401567697525,0.1587972193956375,0.9409866666666666,28.144952165996074
prior_draw_15,q_controller,0.2028722393431973,500,0.8,0.1520637571811676,0.15428371727466583,0.9431733333333333,33.24398170800123
prior_draw_15,q_controller,0.2028722393431973,550,0.8,0.1508212834596634,0.15363246202468872,0.9446133333333333,38.60330758300552
prior_draw_15,q_controller,0.2028722393431973,600,0.8,0.15020623803138733,0.15255504846572876,0.94584,44.299725666001905
prior_draw_15,q_controller,0.2028722393431973,650,0.8,0.15014773607254028,0.15146484971046448,0.9473333333333334,50.36778966600832
prior_draw_15,q_controller,0.2028722393431973,700,0.8,0.15098679065704346,0.15235869586467743,0.9470133333333334,56.78618712500611
prior_draw_15,q_controller,0.2028722393431973,750,0.8,0.15073652565479279,0.15224847197532654,0.94768,63.48275883300812
prior_draw_16,q_controller,0.1650706884515332,50,0.2120173984010362,0.4358617663383484,0.4381994903087616,0.81488,1.530664166988572
prior_draw_16,q_controller,0.1650706884515332,100,0.20155016248066632,0.37613001465797424,0.37787947058677673,0.84448,3.456741709000198
prior_draw_16,q_controller,0.1650706884515332,150,0.20918495402914317,0.32958754897117615,0.330981969833374,0.86688,5.714339999991353
prior_draw_16,q_controller,0.1650706884515332,200,0.2915139448575515,0.28693634271621704,0.2885597348213196,0.8848,8.336714666991611
prior_draw_16,q_controller,0.1650706884515332,250,0.7391759694394363,0.23740382492542267,0.2403077632188797,0.9072266666666666,11.427839999989374
prior_draw_16,q_controller,0.1650706884515332,300,0.8,0.19365525245666504,0.19847126305103302,0.9249866666666666,14.917569333993015
prior_draw_16,q_controller,0.1650706884515332,350,0.8,0.17528769373893738,0.17915965616703033,0.93328,18.76634970899613
prior_draw_16,q_controller,0.1650706884515332,400,0.8,0.1650071144104004,0.16989459097385406,0.9378133333333334,22.94029708400194
prior_draw_16,q_controller,0.1650706884515332,450,0.8,0.159372478723526,0.1641252636909485,0.93952,27.58539504199871
prior_draw_16,q_controller,0.1650706884515332,500,0.6549846024623855,0.1557273119688034,0.1597844660282135,0.9410666666666667,32.79693620899343
prior_draw_16,q_controller,0.1650706884515332,550,0.7237767193194073,0.15169228613376617,0.15615180134773254,0.9435733333333334,38.2847189999884
prior_draw_16,q_controller,0.1650706884515332,600,0.8,0.14998257160186768,0.15438227355480194,0.94536,43.92612949998875
prior_draw_16,q_controller,0.1650706884515332,650,0.7232237446051082,0.14853733777999878,0.1535651832818985,0.94512,49.89039104199037
prior_draw_16,q_controller,0.1650706884515332,700,0.438296486667471,0.14816246926784515,0.15326866507530212,0.946,56.218557000000146
prior_draw_16,q_controller,0.1650706884515332,750,0.43839535388489315,0.14769744873046875,0.15254105627536774,0.9464266666666666,62.842587958992226
prior_draw_17,q_controller,0.3617696075786655,50,0.4852754213474861,0.3507470190525055,0.35312536358833313,0.8556,1.5947713749919785
prior_draw_17,q_controller,0.3617696075786655,100,0.354278675270959,0.29282161593437195,0.29570043087005615,0.88112,3.559548791992711
prior_draw_17,q_controller,0.3617696075786655,150,0.41268075770610924,0.24839021265506744,0.25137948989868164,0.90256,5.869013666990213
prior_draw_17,q_controller,0.3617696075786655,200,0.3157968448153706,0.2260727882385254,0.2289930135011673,0.9118666666666667,8.532406916987384
prior_draw_17,q_controller,0.3617696075786655,250,0.5870546619135643,0.20727568864822388,0.21059639751911163,0.9212533333333334,11.658957791994908
prior_draw_17,q_controller,0.3617696075786655,300,0.8,0.18227197229862213,0.1835155040025711,0.93248,15.211506874999031
prior_draw_17,q_controller,0.3617696075786655,350,0.8,0.16942352056503296,0.17162418365478516,0.93688,19.100744833995122
prior_draw_17,q_controller,0.3617696075786655,400,0.8,0.16130337119102478,0.1642962396144867,0.94128,23.356519791996107
prior_draw_17,q_controller,0.3617696075786655,450,0.6545233508927055,0.15697719156742096,0.1599678248167038,0.9417333333333333,28.115148749988293
prior_draw_17,q_controller,0.3617696075786655,500,0.8,0.15453703701496124,0.15749286115169525,0.9430933333333333,33.15434466699662
prior_draw_17,q_controller,0.3617696075786655,550,0.6544369821864758,0.1523413509130478,0.1559228152036667,0.9442133333333333,38.55894758399518
prior_draw_17,q_controller,0.3617696075786655,600,0.8,0.1511528640985489,0.15479591488838196,0.9448533333333333,44.28110399999423
prior_draw_17,q_controller,0.3617696075786655,650,0.8,0.15022723376750946,0.154805526137352,0.9454133333333333,50.36549916699005
prior_draw_17,q_controller,0.3617696075786655,700,0.8,0.1496477872133255,0.15458662807941437,0.9464,56.7915568749886
prior_draw_17,q_controller,0.3617696075786655,750,0.8,0.1492064744234085,0.15429075062274933,0.9462666666666667,63.57896866698866
prior_draw_18,q_controller,0.2270496422106454,50,0.5393598641732851,0.37433525919914246,0.37779614329338074,0.84248,1.5953654590121005
prior_draw_18,q_controller,0.2270496422106454,100,0.5321895902984316,0.2789522409439087,0.28251370787620544,0.88888,3.582418667007005
prior_draw_18,q_controller,0.2270496422106454,150,0.5528870421812597,0.23391343653202057,0.2374689131975174,0.9093333333333333,5.897635792003712
prior_draw_18,q_controller,0.2270496422106454,200,0.5646327219413955,0.20377469062805176,0.207696333527565,0.92032,8.576327167000272
prior_draw_18,q_controller,0.2270496422106454,250,0.8,0.18213315308094025,0.18551938235759735,0.93096,11.733555750004598
prior_draw_18,q_controller,0.2270496422106454,300,0.8,0.16895627975463867,0.17234496772289276,0.9370133333333334,15.255849209002918
prior_draw_18,q_controller,0.2270496422106454,350,0.8,0.1618322879076004,0.166080042719841,0.9401333333333334,19.151936417008983
prior_draw_18,q_controller,0.2270496422106454,400,0.8,0.15681742131710052,0.16208559274673462,0.9413333333333334,23.605708542003413
prior_draw_18,q_controller,0.2270496422106454,450,0.8,0.1544036865234375,0.1601172387599945,0.94264,28.423769917004392
prior_draw_18,q_controller,0.2270496422106454,500,0.8,0.15353015065193176,0.15941913425922394,0.9434666666666667,33.550605000011274
prior_draw_18,q_controller,0.2270496422106454,550,0.8,0.1528409868478775,0.15801186859607697,0.9449333333333333,39.05708841700107
prior_draw_18,q_controller,0.2270496422106454,600,0.8,0.1522330790758133,0.15698117017745972,0.94568,44.89203450000787
prior_draw_18,q_controller,0.2270496422106454,650,0.8,0.1520662009716034,0.15729890763759613,0.9461333333333334,51.10860591700475
prior_draw_18,q_controller,0.2270496422106454,700,0.8,0.15168605744838715,0.15757864713668823,0.94584,58.041126500000246
prior_draw_18,q_controller,0.2270496422106454,750,0.7997010770920941,0.15215475857257843,0.15748189389705658,0.9468266666666667,65.33709879200615
prior_draw_19,q_controller,0.1747949476437283,50,0.27471029859153157,0.4337823688983917,0.436836302280426,0.8139466666666667,1.571889166996698
prior_draw_19,q_controller,0.1747949476437283,100,0.16009205913696897,0.36896684765815735,0.37182915210723877,0.8466666666666667,3.5740575829986483
prior_draw_19,q_controller,0.1747949476437283,150,0.14831663029010872,0.33702409267425537,0.3401007056236267,0.8625066666666666,5.91757016700285
prior_draw_19,q_controller,0.1747949476437283,200,0.10155877436949264,0.31488487124443054,0.31768059730529785,0.8725066666666667,8.694210625006235
prior_draw_19,q_controller,0.1747949476437283,250,0.2078093499543031,0.2899087965488434,0.29265904426574707,0.8842933333333334,11.961902791998
prior_draw_19,q_controller,0.1747949476437283,300,0.5816682864975491,0.24402281641960144,0.24582093954086304,0.9065333333333333,15.665047250004136
prior_draw_19,q_controller,0.1747949476437283,350,0.8,0.20281726121902466,0.2047167718410492,0.9221066666666666,19.758798458002275
prior_draw_19,q_controller,0.1747949476437283,400,0.8,0.18290822207927704,0.18470095098018646,0.9311733333333333,24.16892516700318
prior_draw_19,q_controller,0.1747949476437283,450,0.8,0.1695079654455185,0.17169880867004395,0.9362666666666667,29.077363207994495
prior_draw_19,q_controller,0.1747949476437283,500,0.8,0.16127869486808777,0.16303564608097076,0.9404533333333334,34.44641470799979
prior_draw_19,q_controller,0.1747949476437283,550,0.8,0.15689513087272644,0.15919291973114014,0.9409866666666666,40.315652749995934
prior_draw_19,q_controller,0.1747949476437283,600,0.8,0.15323719382286072,0.15560798346996307,0.9431466666666667,46.394118750002235
prior_draw_19,q_controller,0.1747949476437283,650,0.6547602330094295,0.1513104885816574,0.15455913543701172,0.9437866666666667,53.01898604200687
prior_draw_19,q_controller,0.1747949476437283,700,0.8,0.14980609714984894,0.15342338383197784,0.9449333333333333,60.29803770799481
prior_draw_19,q_controller,0.1747949476437283,750,0.799648797676882,0.1489514410495758,0.15263129770755768,0.94576,67.82920729200123
